month,temp,RH,wind
8,27.055555555555557,45.3,8.690457600000002
